<?xml version="1.0" encoding="UTF-8"?>
<project-private xmlns="http://www.netbeans.org/ns/project-private/1">
    <editor-bookmarks xmlns="http://www.netbeans.org/ns/editor-bookmarks/2" lastBookmarkId="0"/>
    <open-files xmlns="http://www.netbeans.org/ns/projectui-open-files/2">
        <group>
            <file>file:/C:/Users/Tulasi/Documents/NetBeansProjects/superpos/src/superpos/category.java</file>
            <file>file:/C:/Users/Tulasi/Documents/NetBeansProjects/superpos/src/superpos/login.java</file>
            <file>file:/C:/Users/Tulasi/Documents/NetBeansProjects/superpos/src/superpos/product.java</file>
            <file>file:/C:/Users/Tulasi/Documents/NetBeansProjects/superpos/src/superpos/cashier.java</file>
            <file>file:/C:/Users/Tulasi/Documents/NetBeansProjects/superpos/src/superpos/pos.java</file>
            <file>file:/C:/Users/Tulasi/Documents/NetBeansProjects/superpos/src/superpos/brand.java</file>
        </group>
    </open-files>
</project-private>
